<?xml version="1.0" encoding="UTF-8"?>
<beans xmlns="http://www.springframework.org/schema/beans"
    xmlns:xsi="http://www.w3.org/2001/XMLSchema-instance"
    xmlns:context="http://www.springframework.org/schema/context"
    xmlns:p="http://www.springframework.org/schema/p"
    xmlns:c="http://www.springframework.org/schema/c"
    xsi:schemaLocation="http://www.springframework.org/schema/beans
        https://www.springframework.org/schema/beans/spring-beans.xsd
        http://www.springframework.org/schema/context
        https://www.springframework.org/schema/context/spring-context.xsd">
 
 

	<context:annotation-config/>
 	<bean class="com.springcore.auto.wire.anotation.Address" name="temp">
 		<property name="street" value="FashionStreet" />
 		<property name="city" value="Mumbai"/>
 	</bean>
 	
 	<bean class="com.springcore.auto.wire.anotation.Address" name="temp2">
 		<property name="street" value="NewyorkStreet" />
 		<property name="city" value="Lucknow"/>
 	</bean>
 	
 	<bean class="com.springcore.auto.wire.anotation.Emp" name="emp1" />


</beans>